<?xml version="1.0" encoding="ISO-8859-1"?>
<!-- 
   Copyright 2006 The Apache Software Foundation

   Licensed under the Apache License, Version 2.0 (the "License");
   you may not use this file except in compliance with the License.
   You may obtain a copy of the License at

       http://www.apache.org/licenses/LICENSE-2.0

   Unless required by applicable law or agreed to in writing, software
   distributed under the License is distributed on an "AS IS" BASIS,
   WITHOUT WARRANTIES OR CONDITIONS OF ANY KIND, either express or implied.
   See the License for the specific language governing permissions and
   limitations under the License.
-->

<project name="Tapestry Annotations">
    <bannerLeft>
        <name>Tapestry 5</name>
        <href>http://tapestry.apache.org/tapestry5/</href>
        <src>images/tapestry_banner.gif</src>
    </bannerLeft>
    <bannerRight>
        <name>Apache</name>
        <href>http://www.apache.org</href>
        <src>images/asf_logo_wide.gif</src>
    </bannerRight>
    <skin>
        <groupId>org.apache.tapestry</groupId>
        <artifactId>maven-skin</artifactId>
        <version>1.1</version>
    </skin>

    <publishDate format="dd MMM yyyy"/>
    <version/>

    <body>

        <menu ref="parent"/>

        <menu ref="reports"/>

    </body>
</project>
